reference_dataset;comparison_dataset;group;variant;mmd2;gamma;median_dist_sq;n_reference;n_comparison;feature_dim
realworld_A;realworld_B;realworld;;0.0010371959300130573;0.0006338943448824137;788.7749812514089;500;500;448
realworld_A;mixed_arma_blender_best_values;mixed;;0.04814920568114234;0.0006338943448824137;788.7749812514089;500;500;448
realworld_A;arma_white_fog_value_a;arma;value_a;0.051757535473586413;0.0006338943448824137;788.7749812514089;500;500;448
realworld_A;mixed_allmixed_best_values;mixed;;0.05288050694299806;0.0006338943448824137;788.7749812514089;500;500;448
realworld_A;mixed_saturation_value_a;mixed;value_a;0.05805521854783313;0.0006338943448824137;788.7749812514089;500;500;448
realworld_A;mixed_gaussian_blur_value_b;mixed;value_b;0.058298043065179606;0.0006338943448824137;788.7749812514089;500;500;448
realworld_A;mixed_white_fog_value_a;mixed;value_a;0.060166628642083664;0.0006338943448824137;788.7749812514089;500;500;448
realworld_A;mixed_gaussian_blur_value_c;mixed;value_c;0.0613960670132756;0.0006338943448824137;788.7749812514089;500;500;448
realworld_A;arma_allmixed_best_values;arma;;0.06382863926161653;0.0006338943448824137;788.7749812514089;500;500;448
realworld_A;mixed_dark_smoke_value_a;mixed;value_a;0.06529150861837119;0.0006338943448824137;788.7749812514089;500;500;448
realworld_A;arma_dark_smoke_value_b;arma;value_b;0.0659430619304664;0.0006338943448824137;788.7749812514089;500;500;448
realworld_A;mixed_gaussian_noise_grey_value_a;mixed;value_a;0.0683169186571837;0.0006338943448824137;788.7749812514089;500;500;448
realworld_A;mixed_gaussian_noise_color_value_a;mixed;value_a;0.06863579268010289;0.0006338943448824137;788.7749812514089;500;500;448
realworld_A;mixed_contrast_value_b;mixed;value_b;0.06907698154500319;0.0006338943448824137;788.7749812514089;500;500;448
realworld_A;mixed_compression_artefacts_value_a;mixed;value_a;0.06996271373534935;0.0006338943448824137;788.7749812514089;500;500;448
realworld_A;mixed_compression_artefacts_value_b;mixed;value_b;0.07039531031231938;0.0006338943448824137;788.7749812514089;500;500;448
realworld_A;mixed_gaussian_blur_value_a;mixed;value_a;0.07210374338987546;0.0006338943448824137;788.7749812514089;500;500;448
realworld_A;mixed_compression_artefacts_value_c;mixed;value_c;0.0738343994115338;0.0006338943448824137;788.7749812514089;500;500;448
realworld_A;mixed_saturation_value_b;mixed;value_b;0.0745140195670535;0.0006338943448824137;788.7749812514089;500;500;448
realworld_A;mixed_raw;mixed;raw;0.07542849516347339;0.0006338943448824137;788.7749812514089;500;500;448
realworld_A;mixed_saturation_value_c;mixed;value_c;0.07590922292169267;0.0006338943448824137;788.7749812514089;500;500;448
realworld_A;mixed_dark_smoke_value_b;mixed;value_b;0.07797122468042472;0.0006338943448824137;788.7749812514089;500;500;448
realworld_A;mixed_gaussian_noise_grey_value_b;mixed;value_b;0.07983029104698058;0.0006338943448824137;788.7749812514089;500;500;448
realworld_A;arma_dark_smoke_value_a;arma;value_a;0.08039467661814625;0.0006338943448824137;788.7749812514089;500;500;448
realworld_A;arma_gaussian_blur_value_c;arma;value_c;0.08118344569514746;0.0006338943448824137;788.7749812514089;500;500;448
realworld_A;blender_allmixed_best_values;blender;;0.0818866602098911;0.0006338943448824137;788.7749812514089;500;500;448
realworld_A;blender_saturation_value_a;blender;value_a;0.08234402249945894;0.0006338943448824137;788.7749812514089;500;500;448
realworld_A;blender_compression_artefacts_value_b;blender;value_b;0.08237255892768647;0.0006338943448824137;788.7749812514089;500;500;448
realworld_A;mixed_gaussian_noise_color_value_b;mixed;value_b;0.08254930101914337;0.0006338943448824137;788.7749812514089;500;500;448
realworld_A;mixed_contrast_value_c;mixed;value_c;0.08311566058057496;0.0006338943448824137;788.7749812514089;500;500;448
realworld_A;blender_compression_artefacts_value_a;blender;value_a;0.08539308723301131;0.0006338943448824137;788.7749812514089;500;500;448
realworld_A;blender_contrast_value_b;blender;value_b;0.08585151501396804;0.0006338943448824137;788.7749812514089;500;500;448
realworld_A;arma_white_fog_value_b;arma;value_b;0.08642954532023972;0.0006338943448824137;788.7749812514089;500;500;448
realworld_A;blender_saturation_value_b;blender;value_b;0.088710595668537;0.0006338943448824137;788.7749812514089;500;500;448
realworld_A;blender_raw;blender;raw;0.09008499398568337;0.0006338943448824137;788.7749812514089;500;500;448
realworld_A;blender_gaussian_blur_value_a;blender;value_a;0.09071458204239158;0.0006338943448824137;788.7749812514089;500;500;448
realworld_A;blender_compression_artefacts_value_c;blender;value_c;0.09100047671224054;0.0006338943448824137;788.7749812514089;500;500;448
realworld_A;blender_saturation_value_c;blender;value_c;0.09157714413526219;0.0006338943448824137;788.7749812514089;500;500;448
realworld_A;blender_gaussian_noise_grey_value_a;blender;value_a;0.09268607277503582;0.0006338943448824137;788.7749812514089;500;500;448
realworld_A;mixed_contrast_value_a;mixed;value_a;0.09534978330366117;0.0006338943448824137;788.7749812514089;500;500;448
realworld_A;blender_contrast_value_c;blender;value_c;0.09547777066080343;0.0006338943448824137;788.7749812514089;500;500;448
realworld_A;arma_gaussian_noise_color_value_b;arma;value_b;0.09781368350177999;0.0006338943448824137;788.7749812514089;500;500;448
realworld_A;blender_gaussian_noise_color_value_a;blender;value_a;0.10046671459628698;0.0006338943448824137;788.7749812514089;500;500;448
realworld_A;arma_dark_smoke_value_c;arma;value_c;0.10400861986199939;0.0006338943448824137;788.7749812514089;500;500;448
realworld_A;mixed_gaussian_noise_grey_value_c;mixed;value_c;0.10475255138696182;0.0006338943448824137;788.7749812514089;500;500;448
realworld_A;blender_dark_smoke_value_a;blender;value_a;0.10524496596980004;0.0006338943448824137;788.7749812514089;500;500;448
realworld_A;blender_gaussian_blur_value_b;blender;value_b;0.10529180951599781;0.0006338943448824137;788.7749812514089;500;500;448
realworld_A;arma_gaussian_blur_value_b;arma;value_b;0.1054864743973003;0.0006338943448824137;788.7749812514089;500;500;448
realworld_A;arma_contrast_value_a;arma;value_a;0.10948075574288918;0.0006338943448824137;788.7749812514089;500;500;448
realworld_A;arma_saturation_value_a;arma;value_a;0.11099044232329947;0.0006338943448824137;788.7749812514089;500;500;448
realworld_A;arma_compression_artefacts_value_a;arma;value_a;0.11205429595731231;0.0006338943448824137;788.7749812514089;500;500;448
realworld_A;blender_white_fog_value_a;blender;value_a;0.11502415934523258;0.0006338943448824137;788.7749812514089;500;500;448
realworld_A;mixed_dark_smoke_value_c;mixed;value_c;0.1152619128966943;0.0006338943448824137;788.7749812514089;500;500;448
realworld_A;mixed_white_fog_value_b;mixed;value_b;0.118275913496807;0.0006338943448824137;788.7749812514089;500;500;448
realworld_A;arma_gaussian_noise_color_value_c;arma;value_c;0.12368228427814865;0.0006338943448824137;788.7749812514089;500;500;448
realworld_A;blender_dark_smoke_value_b;blender;value_b;0.1258244984704513;0.0006338943448824137;788.7749812514089;500;500;448
realworld_A;blender_contrast_value_a;blender;value_a;0.12762350704507264;0.0006338943448824137;788.7749812514089;500;500;448
realworld_A;arma_gaussian_noise_color_value_a;arma;value_a;0.13150210853064448;0.0006338943448824137;788.7749812514089;500;500;448
realworld_A;blender_gaussian_noise_grey_value_b;blender;value_b;0.13250956094086686;0.0006338943448824137;788.7749812514089;500;500;448
realworld_A;arma_compression_artefacts_value_b;arma;value_b;0.13325610424835266;0.0006338943448824137;788.7749812514089;500;500;448
realworld_A;arma_gaussian_noise_grey_value_b;arma;value_b;0.13577674105966753;0.0006338943448824137;788.7749812514089;500;500;448
realworld_A;mixed_gaussian_noise_color_value_c;mixed;value_c;0.13683598658640705;0.0006338943448824137;788.7749812514089;500;500;448
realworld_A;arma_contrast_value_b;arma;value_b;0.13754183558637623;0.0006338943448824137;788.7749812514089;500;500;448
realworld_A;arma_gaussian_noise_grey_value_c;arma;value_c;0.1396433297196813;0.0006338943448824137;788.7749812514089;500;500;448
realworld_A;arma_gaussian_noise_grey_value_a;arma;value_a;0.13996015819723806;0.0006338943448824137;788.7749812514089;500;500;448
realworld_A;arma_gaussian_blur_value_a;arma;value_a;0.14065106078278067;0.0006338943448824137;788.7749812514089;500;500;448
realworld_A;arma_compression_artefacts_value_c;arma;value_c;0.14184738993680912;0.0006338943448824137;788.7749812514089;500;500;448
realworld_A;blender_gaussian_blur_value_c;blender;value_c;0.14199155250755902;0.0006338943448824137;788.7749812514089;500;500;448
realworld_A;arma_saturation_value_c;arma;value_c;0.14543498020038692;0.0006338943448824137;788.7749812514089;500;500;448
realworld_A;arma_raw;arma;raw;0.14815088323062642;0.0006338943448824137;788.7749812514089;500;500;448
realworld_A;arma_saturation_value_b;arma;value_b;0.14825762095374628;0.0006338943448824137;788.7749812514089;500;500;448
realworld_A;blender_gaussian_noise_color_value_b;blender;value_b;0.15962703075764395;0.0006338943448824137;788.7749812514089;500;500;448
realworld_A;blender_dark_smoke_value_c;blender;value_c;0.15968733689194292;0.0006338943448824137;788.7749812514089;500;500;448
realworld_A;arma_contrast_value_c;arma;value_c;0.16418958473405754;0.0006338943448824137;788.7749812514089;500;500;448
realworld_A;blender_gaussian_noise_grey_value_c;blender;value_c;0.18405587959897507;0.0006338943448824137;788.7749812514089;500;500;448
realworld_A;blender_white_fog_value_b;blender;value_b;0.18730684529371056;0.0006338943448824137;788.7749812514089;500;500;448
realworld_A;arma_white_fog_value_c;arma;value_c;0.2318116563399153;0.0006338943448824137;788.7749812514089;500;500;448
realworld_A;blender_gaussian_noise_color_value_c;blender;value_c;0.2447643669110029;0.0006338943448824137;788.7749812514089;500;500;448
realworld_A;mixed_white_fog_value_c;mixed;value_c;0.2657736225063152;0.0006338943448824137;788.7749812514089;500;500;448
realworld_A;blender_white_fog_value_c;blender;value_c;0.34497705616728847;0.0006338943448824137;788.7749812514089;500;500;448
