group;method;variant;comparison_dataset;mmd2;raw_mmd2;delta_mmd2;reduction_percent;interpretation
arma;compression_artefacts;value_a;arma_compression_artefacts_value_a;0.1122316438971997;0.1483358282261655;0.03610418432896581;24.33949016950799;better_than_raw
arma;compression_artefacts;value_b;arma_compression_artefacts_value_b;0.1334252573689753;0.1483358282261655;0.01491057085719022;10.05190117282811;better_than_raw
arma;compression_artefacts;value_c;arma_compression_artefacts_value_c;0.1420257407683927;0.1483358282261655;0.006310087457772812;4.253919995749047;better_than_raw
arma;contrast;value_a;arma_contrast_value_a;0.1099015144467825;0.1483358282261655;0.038434313779383;25.910337535435307;better_than_raw
arma;contrast;value_b;arma_contrast_value_b;0.1377265603588742;0.1483358282261655;0.0106092678672913;7.152195119789605;better_than_raw
arma;contrast;value_c;arma_contrast_value_c;0.164398210111949;0.1483358282261655;-0.01606238188578349;-10.828389929702894;worse_than_raw
arma;dark_smoke;value_a;arma_dark_smoke_value_a;0.0805472904314781;0.1483358282261655;0.06778853779468741;45.69936919847253;better_than_raw
arma;dark_smoke;value_b;arma_dark_smoke_value_b;0.0661157768914317;0.1483358282261655;0.08222005133473381;55.42831581414982;better_than_raw
arma;dark_smoke;value_c;arma_dark_smoke_value_c;0.1043103201341693;0.1483358282261655;0.04402550809199621;29.679618618417088;better_than_raw
arma;gaussian_blur;value_a;arma_gaussian_blur_value_a;0.1408310284988247;0.1483358282261655;0.007504799727340805;5.059330451102039;better_than_raw
arma;gaussian_blur;value_b;arma_gaussian_blur_value_b;0.1056616315517233;0.1483358282261655;0.04267419667444221;28.768637479394037;better_than_raw
arma;gaussian_blur;value_c;arma_gaussian_blur_value_c;0.0813604180840061;0.1483358282261655;0.06697541014215941;45.15120247283951;better_than_raw
arma;gaussian_noise_color;value_a;arma_gaussian_noise_color_value_a;0.1316693890125451;0.1483358282261655;0.016666439213620404;11.235612739633828;better_than_raw
arma;gaussian_noise_color;value_b;arma_gaussian_noise_color_value_b;0.0979671820928906;0.1483358282261655;0.05036864613327491;33.95581953166335;better_than_raw
arma;gaussian_noise_color;value_c;arma_gaussian_noise_color_value_c;0.1239028848386858;0.1483358282261655;0.0244329433874797;16.471370187266654;better_than_raw
arma;gaussian_noise_grey;value_a;arma_gaussian_noise_grey_value_a;0.1401434257952427;0.1483358282261655;0.008192402430922813;5.522875038950114;better_than_raw
arma;gaussian_noise_grey;value_b;arma_gaussian_noise_grey_value_b;0.1359749390172375;0.1483358282261655;0.012360889208928;8.333043578710821;better_than_raw
arma;gaussian_noise_grey;value_c;arma_gaussian_noise_grey_value_c;0.1398474445543287;0.1483358282261655;0.008488383671836797;5.72240959810106;better_than_raw
arma;saturation;value_a;arma_saturation_value_a;0.1111991080373655;0.1483358282261655;0.0371367201888;25.035570052690293;better_than_raw
arma;saturation;value_b;arma_saturation_value_b;0.1484453205796287;0.1483358282261655;-0.00010949235346319197;-0.07381382823861715;worse_than_raw
arma;saturation;value_c;arma_saturation_value_c;0.1456149142733451;0.1483358282261655;0.0027209139528203974;1.8342931612394135;better_than_raw
arma;white_fog;value_a;arma_white_fog_value_a;0.0519038250420684;0.1483358282261655;0.09643200318409711;65.00924580207867;better_than_raw
arma;white_fog;value_b;arma_white_fog_value_b;0.0866151634189709;0.1483358282261655;0.06172066480719461;41.60873711042352;better_than_raw
arma;white_fog;value_c;arma_white_fog_value_c;0.2321124993618248;0.1483358282261655;-0.08377667113565929;-56.477704771315395;worse_than_raw
blender;compression_artefacts;value_a;blender_compression_artefacts_value_a;0.0856642675267049;0.0903328465573274;0.004668579030622497;5.168196518261721;better_than_raw
blender;compression_artefacts;value_b;blender_compression_artefacts_value_b;0.0826271320770211;0.0903328465573274;0.007705714480306297;8.530357200042472;better_than_raw
blender;compression_artefacts;value_c;blender_compression_artefacts_value_c;0.0912597747810519;0.0903328465573274;-0.0009269282237245047;-1.026125334306003;worse_than_raw
blender;contrast;value_a;blender_contrast_value_a;0.1280516269499525;0.0903328465573274;-0.037718780392625106;-41.7553324511786;worse_than_raw
blender;contrast;value_b;blender_contrast_value_b;0.0860904260223971;0.0903328465573274;0.004242420534930305;4.696431803727078;better_than_raw
blender;contrast;value_c;blender_contrast_value_c;0.0957469664108285;0.0903328465573274;-0.005414119853501098;-5.9935229098146126;worse_than_raw
blender;dark_smoke;value_a;blender_dark_smoke_value_a;0.1055477914585547;0.0903328465573274;-0.015214944901227295;-16.843203199150295;worse_than_raw
blender;dark_smoke;value_b;blender_dark_smoke_value_b;0.1261882927130313;0.0903328465573274;-0.03585544615570391;-39.69258970816244;worse_than_raw
blender;dark_smoke;value_c;blender_dark_smoke_value_c;0.1601618621364469;0.0903328465573274;-0.0698290155791195;-77.30190981505748;worse_than_raw
blender;gaussian_blur;value_a;blender_gaussian_blur_value_a;0.0909674861367868;0.0903328465573274;-0.0006346395794594034;-0.7025568258348261;worse_than_raw
blender;gaussian_blur;value_b;blender_gaussian_blur_value_b;0.1055692473481204;0.0903328465573274;-0.015236400790792998;-16.866955234410344;worse_than_raw
blender;gaussian_blur;value_c;blender_gaussian_blur_value_c;0.1423045292528382;0.0903328465573274;-0.05197168269551081;-57.53353810513248;worse_than_raw
blender;gaussian_noise_color;value_a;blender_gaussian_noise_color_value_a;0.1007275553066262;0.0903328465573274;-0.010394708749298806;-11.507119664054951;worse_than_raw
blender;gaussian_noise_color;value_b;blender_gaussian_noise_color_value_b;0.1599493036123036;0.0903328465573274;-0.06961645705497621;-77.06660390779994;worse_than_raw
blender;gaussian_noise_color;value_c;blender_gaussian_noise_color_value_c;0.2451940858002192;0.0903328465573274;-0.1548612392428918;-171.43402997337535;worse_than_raw
blender;gaussian_noise_grey;value_a;blender_gaussian_noise_grey_value_a;0.0929279256233885;0.0903328465573274;-0.002595079066061101;-2.8727967344793033;worse_than_raw
blender;gaussian_noise_grey;value_b;blender_gaussian_noise_grey_value_b;0.1327769262222444;0.0903328465573274;-0.042444079664917006;-46.98631924322342;worse_than_raw
blender;gaussian_noise_grey;value_c;blender_gaussian_noise_grey_value_c;0.1843824490746066;0.0903328465573274;-0.0940496025172792;-104.11451216429126;worse_than_raw
blender;saturation;value_a;blender_saturation_value_a;0.0825637677383417;0.0903328465573274;0.007769078818985697;8.600502602400836;better_than_raw
blender;saturation;value_b;blender_saturation_value_b;0.0889549728026368;0.0903328465573274;0.0013778737546906034;1.5253297191472555;better_than_raw
blender;saturation;value_c;blender_saturation_value_c;0.0918298107088304;0.0903328465573274;-0.0014969641515029941;-1.6571648171775306;worse_than_raw
blender;white_fog;value_a;blender_white_fog_value_a;0.1152956156300348;0.0903328465573274;-0.024962769072707405;-27.63421061558758;worse_than_raw
blender;white_fog;value_b;blender_white_fog_value_b;0.1876060078115242;0.0903328465573274;-0.0972731612541968;-107.68304660084513;worse_than_raw
blender;white_fog;value_c;blender_white_fog_value_c;0.3452769149873799;0.0903328465573274;-0.25494406843005246;-282.22742683997984;worse_than_raw
mixed;compression_artefacts;value_a;mixed_compression_artefacts_value_a;0.0701037546200737;0.0755543592608329;0.0054506046407591935;7.214149777833888;better_than_raw
mixed;compression_artefacts;value_b;mixed_compression_artefacts_value_b;0.0705188934719855;0.0755543592608329;0.005035465788847393;6.664692597635144;better_than_raw
mixed;compression_artefacts;value_c;mixed_compression_artefacts_value_c;0.0739619810912091;0.0755543592608329;0.0015923781696237926;2.1075927123231866;better_than_raw
mixed;contrast;value_a;mixed_contrast_value_a;0.0956966438199784;0.0755543592608329;-0.020142284559145504;-26.659328139636795;worse_than_raw
mixed;contrast;value_b;mixed_contrast_value_b;0.0691961250901731;0.0755543592608329;0.006358234170659796;8.415443176097295;better_than_raw
mixed;contrast;value_c;mixed_contrast_value_c;0.0832656435668666;0.0755543592608329;-0.007711284306033697;-10.206273180627976;worse_than_raw
mixed;dark_smoke;value_a;mixed_dark_smoke_value_a;0.0654429878358933;0.0755543592608329;0.010111371424939605;13.382909369971063;better_than_raw
mixed;dark_smoke;value_b;mixed_dark_smoke_value_b;0.0781821624700405;0.0755543592608329;-0.0026278032092076076;-3.4780299044503327;worse_than_raw
mixed;dark_smoke;value_c;mixed_dark_smoke_value_c;0.1156007854799867;0.0755543592608329;-0.0400464262191538;-53.00346215749555;worse_than_raw
mixed;gaussian_blur;value_a;mixed_gaussian_blur_value_a;0.0722304039046446;0.0755543592608329;0.0033239553561883045;4.399422334736721;better_than_raw
mixed;gaussian_blur;value_b;mixed_gaussian_blur_value_b;0.058431597770274;0.0755543592608329;0.0171227614905589;22.66283727117156;better_than_raw
mixed;gaussian_blur;value_c;mixed_gaussian_blur_value_c;0.0615430183407912;0.0755543592608329;0.0140113409200417;18.544715430212282;better_than_raw
mixed;gaussian_noise_color;value_a;mixed_gaussian_noise_color_value_a;0.0687570402755812;0.0755543592608329;0.006797318985251696;8.99659404401223;better_than_raw
mixed;gaussian_noise_color;value_b;mixed_gaussian_noise_color_value_b;0.0827090620326704;0.0755543592608329;-0.007154702771837496;-9.469609486247695;worse_than_raw
mixed;gaussian_noise_color;value_c;mixed_gaussian_noise_color_value_c;0.1370751161004348;0.0755543592608329;-0.0615207568396019;-81.42582035169748;worse_than_raw
mixed;gaussian_noise_grey;value_a;mixed_gaussian_noise_grey_value_a;0.0684380117442251;0.0755543592608329;0.007116347516607793;9.418844374075556;better_than_raw
mixed;gaussian_noise_grey;value_b;mixed_gaussian_noise_grey_value_b;0.07996317298616;0.0755543592608329;-0.0044088137253271015;-5.835287028385421;worse_than_raw
mixed;gaussian_noise_grey;value_c;mixed_gaussian_noise_grey_value_c;0.1049116676866521;0.0755543592608329;-0.029357308425819198;-38.85587636905276;worse_than_raw
mixed;saturation;value_a;mixed_saturation_value_a;0.0581746216899783;0.0755543592608329;0.0173797375708546;23.002958056801614;better_than_raw
mixed;saturation;value_b;mixed_saturation_value_b;0.0746382972278949;0.0755543592608329;0.0009160620329379948;1.212454240761298;better_than_raw
mixed;saturation;value_c;mixed_saturation_value_c;0.076037255731689;0.0755543592608329;-0.00048289647085610066;-0.6391378016839757;worse_than_raw
mixed;white_fog;value_a;mixed_white_fog_value_a;0.0603258860642859;0.0755543592608329;0.015228473196547;20.155651302626275;better_than_raw
mixed;white_fog;value_b;mixed_white_fog_value_b;0.1184817747762387;0.0755543592608329;-0.0429274155154058;-56.816596600613636;worse_than_raw
mixed;white_fog;value_c;mixed_white_fog_value_c;0.2660336810748891;0.0755543592608329;-0.19047932181405622;-252.10897647410798;worse_than_raw
